<?xml version="1.0" encoding="ISO-8859-1"?>
<!DOCTYPE resource-adaptor-jar PUBLIC "-//Sun Microsystems, Inc.//DTD JAIN SLEE Resource Adaptor 1.1//EN" "http://java.sun.com/dtd/slee-resource-adaptor-jar_1_1.dtd">
<resource-adaptor-jar>
    <resource-adaptor id="MProc">
        <description>MProc Resource Adaptor</description>
        <resource-adaptor-name>MProcResourceAdaptor</resource-adaptor-name>
        <resource-adaptor-vendor>org.mobicents</resource-adaptor-vendor>
        <resource-adaptor-version>1.0</resource-adaptor-version>
        <resource-adaptor-type-ref>
            <resource-adaptor-type-name>MProcResourceAdaptorType</resource-adaptor-type-name>
            <resource-adaptor-type-vendor>org.mobicents</resource-adaptor-type-vendor>
            <resource-adaptor-type-version>1.0</resource-adaptor-type-version>
        </resource-adaptor-type-ref>
        <resource-adaptor-classes>
            <resource-adaptor-class>
                <resource-adaptor-class-name>org.mobicents.smsc.slee.resources.mproc.MProcRuleRaDefault</resource-adaptor-class-name>
            </resource-adaptor-class>
        </resource-adaptor-classes>
    </resource-adaptor>
</resource-adaptor-jar>
