<?xml version="1.0" encoding="utf-8"?>
<!DOCTYPE sbb-jar PUBLIC "-//Sun Microsystems, Inc.//DTD JAIN SLEE SBB 1.1//EN"
                         "http://java.sun.com/dtd/slee-sbb-jar_1_1.dtd">
<sbb-jar>
	<sbb id="chargingSbb">
		<description>SBB that asking Charging server for charging process</description>
		<sbb-name>ChargingSbb</sbb-name>
		<sbb-vendor>org.mobicents</sbb-vendor>
		<sbb-version>1.0</sbb-version>
		<sbb-alias>ChargingSbb</sbb-alias>

		<sbb-classes>
			<sbb-abstract-class>
				<sbb-abstract-class-name>org.mobicents.smsc.slee.services.charging.ChargingSbb</sbb-abstract-class-name>
				<cmp-field><cmp-field-name>chargingData</cmp-field-name></cmp-field>
			</sbb-abstract-class>

            <sbb-local-interface>
                <sbb-local-interface-name>
                    org.mobicents.smsc.slee.services.charging.ChargingSbbLocalObject
                </sbb-local-interface-name>
            </sbb-local-interface>
		</sbb-classes>
		<event event-direction="Receive" initial-event="False">
			<event-name>RoCreditControlAnswer</event-name>
			<event-type-ref>
				<event-type-name>net.java.slee.resource.diameter.ro.events.RoCreditControlAnswer</event-type-name>
				<event-type-vendor>java.net</event-type-vendor>
				<event-type-version>0.8</event-type-version>
			</event-type-ref>
		</event>
        <event event-direction="Receive" initial-event="False">
            <event-name>TimerEvent</event-name>
            <event-type-ref>
                <event-type-name>javax.slee.facilities.TimerEvent</event-type-name>
                <event-type-vendor>javax.slee</event-type-vendor>
                <event-type-version>1.0</event-type-version>
            </event-type-ref>
        </event>

		<event event-direction="Receive" initial-event="True">
			<event-name>ServiceStartedEvent</event-name>
			<event-type-ref>
				<event-type-name>javax.slee.serviceactivity.ServiceStartedEvent</event-type-name>
				<event-type-vendor>javax.slee</event-type-vendor>
				<event-type-version>1.1</event-type-version>
			</event-type-ref>
			<initial-event-select variable="ActivityContext" />
		</event>

		<event event-direction="Receive" initial-event="False">
			<event-name>ActivityEndEvent</event-name>
			<event-type-ref>
				<event-type-name>javax.slee.ActivityEndEvent</event-type-name>
				<event-type-vendor>javax.slee</event-type-vendor>
				<event-type-version>1.0</event-type-version>
			</event-type-ref>
		</event>


		<resource-adaptor-type-binding>
			<resource-adaptor-type-ref>
				<resource-adaptor-type-name>Diameter Ro</resource-adaptor-type-name>
				<resource-adaptor-type-vendor>java.net</resource-adaptor-type-vendor>
				<resource-adaptor-type-version>0.8.1</resource-adaptor-type-version>
			</resource-adaptor-type-ref>
			<activity-context-interface-factory-name>slee/resources/JDiameterRoResourceAdaptor/java.net/0.8.1/acif</activity-context-interface-factory-name>
			<resource-adaptor-entity-binding>
				<resource-adaptor-object-name>slee/resources/diameter-ro-ra-interface</resource-adaptor-object-name>
				<resource-adaptor-entity-link>DiameterRo</resource-adaptor-entity-link>
			</resource-adaptor-entity-binding>
		</resource-adaptor-type-binding>

        <resource-adaptor-type-binding>
            <resource-adaptor-type-ref>
                <resource-adaptor-type-name>PersistenceResourceAdaptorType</resource-adaptor-type-name>
                <resource-adaptor-type-vendor>org.mobicents</resource-adaptor-type-vendor>
                <resource-adaptor-type-version>1.0</resource-adaptor-type-version>
            </resource-adaptor-type-ref>
            
            <resource-adaptor-entity-binding>
                <resource-adaptor-object-name>slee/resources/persistence/1.0/provider</resource-adaptor-object-name>
                <resource-adaptor-entity-link>PersistenceResourceAdaptor</resource-adaptor-entity-link>
            </resource-adaptor-entity-binding>
        </resource-adaptor-type-binding>
        <resource-adaptor-type-binding>
            <resource-adaptor-type-ref>
                <resource-adaptor-type-name>SchedulerResourceAdaptorType</resource-adaptor-type-name>
                <resource-adaptor-type-vendor>org.mobicents</resource-adaptor-type-vendor>
                <resource-adaptor-type-version>1.0</resource-adaptor-type-version>
            </resource-adaptor-type-ref>

            <resource-adaptor-entity-binding>
                <resource-adaptor-object-name>slee/resources/scheduler/1.0/provider</resource-adaptor-object-name>
                <resource-adaptor-entity-link>SchedulerResourceAdaptor</resource-adaptor-entity-link>
            </resource-adaptor-entity-binding>
        </resource-adaptor-type-binding>
        <resource-adaptor-type-binding>
            <resource-adaptor-type-ref>
                <resource-adaptor-type-name>MProcResourceAdaptorType</resource-adaptor-type-name>
                <resource-adaptor-type-vendor>org.mobicents</resource-adaptor-type-vendor>
                <resource-adaptor-type-version>1.0</resource-adaptor-type-version>
            </resource-adaptor-type-ref>
            <resource-adaptor-entity-binding>
                <resource-adaptor-object-name>slee/resources/mproc/1.0/provider</resource-adaptor-object-name>
                <resource-adaptor-entity-link>MProcResourceAdaptor</resource-adaptor-entity-link>
            </resource-adaptor-entity-binding>
        </resource-adaptor-type-binding>
	</sbb>
</sbb-jar>