<assembly>

	<id>wildfly</id>

	<formats>
		<format>dir</format>
	</formats>

	<baseDirectory>main</baseDirectory>

	<fileSets>
		<fileSet>
			<directory>src/main/module</directory>
			<outputDirectory>/</outputDirectory>
			<filtered>true</filtered>
		</fileSet>
	</fileSets>

	<dependencySets>
		<dependencySet>
			<outputDirectory>/</outputDirectory>
			<unpack>false</unpack>
			<scope>runtime</scope>
			<includes>
				<!-- cassandra driver -->
				<include>com.datastax.cassandra:cassandra-driver-core</include>
				
				<!-- cassandra driver dep tree -->
				<include>org.xerial.snappy:snappy-java</include>
				<include>com.codahale.metrics:metrics-core</include>

				<include>com.google.guava:guava</include>
				<include>io.netty:netty</include>
				<include>org.codehaus.jackson:jackson-core-asl</include>
				<include>org.codehaus.jackson:jackson-mapper-asl</include>

				
				<!-- SMSC libraris -->
				<include>org.mobicents.smsc:bootstrap-wildfly</include>
				<include>org.mobicents.smsc:domain</include>
				<include>org.mobicents.smsc:smsc-common-library</include>
				<include>org.mobicents.smsc:mproc-api</include>						

				<!-- RestComm statistics -->
				<include>org.apache.httpcomponents:httpclient</include>
				<include>org.apache.httpcomponents:httpcore</include>
				<include>com.google.code.gson:gson</include>
				<include>org.restcomm.commons:restcomm-statistics</include>
				<!-- Dialogic -->
<!--
			    <include>com.vendor.dialogic:gctapi</include>
-->

			</includes>
		</dependencySet>
	</dependencySets>

</assembly>