<?xml version="1.0" encoding="UTF-8" ?>
<configurationData>
	<instance_L1 value="M3UA"/>
	<instance_L2 value="SCCP"/>
	<instance_L3 value="TCAP+MAP"/>
	<instance_TestTask value="SMS_TEST_SERVER"/>
	<m3ua storePcapTrace="false" isSctpServer="false" localPort="8013" localPort2="0" remotePort="8014" remotePort2="0" ipChannelType="SCTP" dpc="4" dpc2="0" opc="3" opc2="0" si="3" routingConext="103" networkAppearance="104" trafficModeType="2" m3uaFunctionality="IPSP" m3uaExchangeType="SE" routingLabelFormat="ITU" m3uaIPSPType="CLIENT">
		<localHost value="127.0.0.1"/>
		<localHost2 value=""/>
		<remoteHost value="127.0.0.1"/>
		<remoteHost2 value=""/>
	</m3ua>
	<dialogic SourceModuleId="0" DestinationModuleId="0"/>
	<sccp routeOnGtMode="true" remoteSpc="4" localSpc="3" ni="2" remoteSsn="8" localSsn="8" localSsn2="6" translationType="0">
		<globalTitleType value="Translation type, numbering plan, encoding scheme and NOA ind"/>
		<addressNature value="INTERNATIONAL"/>
		<numberingPlan value="ISDN_TELEPHONY"/>
		<sccpProtocolVersion value="ITU"/>
		<callingPartyAddressDigits value="888802"/>
	</sccp>
	<map>
		<origReferenceAddressNature value="international_number"/>
		<origReferenceNumberingPlan value="ISDN"/>
		<destReferenceAddressNature value="international_number"/>
		<destReferenceNumberingPlan value="ISDN"/>
	</map>
	<cap/>
	<testUssdClient dataCodingScheme="15" alertingPattern="-1" maxConcurrentDialogs="10" oneNotificationFor100Dialogs="false" return20PersDeliveryErrors="false">
		<msisdnAddress value=""/>
		<msisdnAddressNature value="international_number"/>
		<msisdnNumberingPlan value="ISDN"/>
		<sriReaction value="Return success"/>
		<ussdClientAction value="Manual operation"/>
		<autoRequestString value="???"/>
	</testUssdClient>
	<testUssdServer dataCodingScheme="15" alertingPattern="-1" oneNotificationFor100Dialogs="false">
		<msisdnAddress value=""/>
		<autoResponseString value=""/>
		<autoUnstructured_SS_RequestString value=""/>
		<msisdnAddressNature value="international_number"/>
		<msisdnNumberingPlan value="ISDN"/>
		<processSsRequestAction value="Manual response"/>
	</testUssdServer>
	<testSmsClient smscSsn="8" nationalLanguageCode="0" sriScAddressNotIncluded="false" oneNotificationFor100Dialogs="false" return20PersDeliveryErrors="false" continueDialog="false">
		<serviceCenterAddress value=""/>
		<sriResponseImsi value=""/>
		<sriResponseVlr value=""/>
		<addressNature value="international_number"/>
		<numberingPlan value="ISDN"/>
		<mapProtocolVersion value="MAP protocol version 3"/>
		<typeOfNumber value="InternationalNumber"/>
		<numberingPlanIdentification value="ISDNTelephoneNumberingPlan"/>
		<smsCodingType value="GSM7"/>
		<sriReaction value="Return success"/>
		<sriInformServiceCenter value="No data in MWD file"/>
		<esmDelStat value="Return success"/>
		<mtFSMReaction value="Return success"/>
	</testSmsClient>
	<testSmsServer hlrSsn="6" vlrSsn="8" sendSrsmdsIfError="false" gprsSupportIndicator="false">
		<serviceCenterAddress value="888888"/>
		<addressNature value="international_number"/>
		<numberingPlan value="ISDN"/>
		<mapProtocolVersion value="MAP protocol version 3"/>
		<typeOfNumber value="InternationalNumber"/>
		<numberingPlanIdentification value="ISDNTelephoneNumberingPlan"/>
		<smsCodingType value="GSM7"/>
	</testSmsServer>
	<testAtiClient subscriberIdentityType="false">
		<addressNature value="international_number"/>
		<numberingPlan value="ISDN"/>
		<gsmScfAddress value="000"/>
	</testAtiClient>
	<testAtiServer>
		<atiReaction value="Return success"/>
	</testAtiServer>
	<testCapScf>
		<capApplicationContext value="CAP_V4_capscf_ssfGeneric 23.3.8"/>
	</testCapScf>
	<testCapSsf>
		<capApplicationContext value="CAP_V1_gsmSSF_to_gsmSCF 0.50.0"/>
	</testCapSsf>
	<testCheckImeiClient maxConcurrentDialogs="10" oneNotificationFor100Dialogs="false">
		<imei value=""/>
		<mapProtocolVersion value="MAP protocol version 3"/>
		<checkImeiClientAction value="Manual operation"/>
	</testCheckImeiClient>
	<testCheckImeiServer oneNotificationFor100Dialogs="false">
		<autoEquipmentStatus value="whiteListed"/>
	</testCheckImeiServer>
</configurationData>