<?xml version="1.0" encoding="UTF-8"?>
<deployment xmlns:xsi="http://www.w3.org/2001/XMLSchema-instance"
	xmlns="urn:jboss:bean-deployer:2.0">


	<bean name="SCTPManagement" class="org.mobicents.protocols.sctp.ManagementImpl">
		<constructor>
			<parameter>SCTPManagement</parameter>
		</constructor>
		<property name="persistDir">${jboss.server.data.dir}</property>
	</bean>

	<bean name="SCTPShellExecutor" class="org.restcomm.protocols.ss7.m3ua.impl.oam.SCTPShellExecutor">
		<property name="sctpManagements">
			<map keyClass="java.lang.String" valueClass="org.mobicents.protocols.sctp.ManagementImpl">
				<entry>
					<key>SCTPManagement</key>
					<value>
						<inject bean="SCTPManagement" />
					</value>
				</entry>
			</map>
		</property>
	</bean>
	<!-- ==================================================================== -->
	<!-- M3UA -->
	<!-- M3UAManagement is managing the m3ua side commands -->
	<!-- ==================================================================== -->
	<!-- -->
	<bean name="RoutingLabelFormat" class="org.restcomm.protocols.ss7.mtp.RoutingLabelFormat">
		<constructor factoryClass="org.restcomm.protocols.ss7.mtp.RoutingLabelFormat"
			factoryMethod="getInstance">
			<parameter>ITU</parameter>
		</constructor>
	</bean>

	<bean name="Mtp3UserPart"
		class="org.restcomm.protocols.ss7.m3ua.impl.M3UAManagementImpl">
		<constructor>
			<parameter>Mtp3UserPart</parameter>
			<parameter>RestComm-SMSC</parameter>
		</constructor>
		<property name="persistDir">${jboss.server.data.dir}</property>
		<property name="maxSequenceNumber">256</property>
		<property name="maxAsForRoute">2</property>
		<property name="useLsbForLinksetSelection">false</property>
		<property name="deliveryMessageThreadCount">8</property>
		<property name="transportManagement">
			<inject bean="SCTPManagement" />
		</property>
		<property name="routingLabelFormat">
			<inject bean="RoutingLabelFormat" />
		</property>
	</bean>

	<bean name="M3UAShellExecutor" class="org.restcomm.protocols.ss7.m3ua.impl.oam.M3UAShellExecutor">
		<property name="m3uaManagements">
			<map keyClass="java.lang.String" valueClass="org.restcomm.protocols.ss7.m3ua.impl.M3UAManagementImpl">
				<entry>
					<key>Mtp3UserPart</key>
					<value>
						<inject bean="Mtp3UserPart" />
					</value>
				</entry>
			</map>
		</property>
	</bean>

	<!-- ==================================================================== -->
	<!-- Scheduler -->
	<!-- Scheduler for ss7 stack -->
	<!-- ==================================================================== -->
	<!-- -->
	<bean name="SS7Clock" class="org.restcomm.protocols.ss7.scheduler.DefaultClock">
	</bean>

	<bean name="SS7Scheduler" class="org.restcomm.protocols.ss7.scheduler.Scheduler">
		<property name="clock">
			<inject bean="SS7Clock" />
		</property>
	</bean>

	<!-- ==================================================================== -->
	<!-- Dialogic Mtp3UserPart -->
	<!-- ==================================================================== -->
	<bean name="Mtp3UserPart_Dialogic"
		class="org.restcomm.ss7.hardware.dialogic.DialogicMtp3UserPart">
		<constructor>
			<parameter>RestComm-jSS7</parameter>
		</constructor>
		<property name="sourceModuleId">61</property>
		<property name="destinationModuleId">34</property>
		<property name="routingLabelFormat">
			<inject bean="RoutingLabelFormat" />
		</property>
	</bean>

	<!-- ==================================================================== -->
	<!-- SCCP Service -->
	<!-- ==================================================================== -->
	<bean name="SccpStack" class="org.restcomm.protocols.ss7.sccp.impl.SccpStackImpl">
		<constructor>
			<parameter>SccpStack</parameter>
		</constructor>
		<property name="persistDir">${jboss.server.data.dir}</property>
		<property name="mtp3UserParts">
			<map keyClass="java.lang.Integer" valueClass="org.restcomm.protocols.ss7.mtp.Mtp3UserPart">
				<entry>
					<key>1</key>
					<value>
						<inject bean="Mtp3UserPart" />
					</value>
				</entry>
				<entry>
					<key>2</key>
					<value>
						<inject bean="Mtp3UserPart_Dialogic" />
					</value>
				</entry>
			</map>
		</property>
	</bean>

	<bean name="SccpExecutor" class="org.restcomm.protocols.ss7.sccp.impl.oam.SccpExecutor">
		<property name="sccpStacks">
			<map keyClass="java.lang.String" valueClass="org.restcomm.protocols.ss7.sccp.impl.SccpStackImpl">
				<entry>
					<key>SccpStack</key>
					<value>
						<inject bean="SccpStack" />
					</value>
				</entry>
			</map>		
		</property>
	</bean>

	<!-- ==================================================================== -->
	<!-- TCAP Service -->
	<!-- ==================================================================== -->
	<bean name="TcapStack" class="org.restcomm.protocols.ss7.tcap.TCAPStackImpl">
		<constructor>
			<parameter>TcapStack</parameter>
			<parameter>
				<inject bean="SccpStack" property="sccpProvider" />
			</parameter>
			<parameter>8</parameter>
		</constructor>
		<property name="persistDir">${jboss.server.data.dir}</property>
		<property name="extraSsns">
			<list class="javolution.util.FastList" elementClass="java.lang.Integer">
				<value>6</value>
			</list>
		</property>
	</bean>

	<bean name="TcapExecutor" class="org.restcomm.protocols.ss7.tcap.oam.TCAPExecutor">
		<property name="tcapStacks">
			<map keyClass="java.lang.String" valueClass="org.restcomm.protocols.ss7.tcap.TCAPStackImpl">
				<entry>
					<key>TcapStack</key>
					<value>
						<inject bean="TcapStack" />
					</value>
				</entry>								
			</map>
		</property>
	</bean>

	<!-- ==================================================================== -->
	<!-- Shell Service -->
	<!-- ==================================================================== -->
	<!-- Define Shell Executor -->
	<bean name="ShellExecutor" class="org.restcomm.ss7.management.console.ShellServerJboss">
		<constructor>
			<parameter>
				<inject bean="SS7Scheduler" />
			</parameter>
			<parameter>
				<list class="javolution.util.FastList"
					elementClass="org.restcomm.ss7.management.console.ShellExecutor">
					<inject bean="SccpExecutor" />
					<inject bean="M3UAShellExecutor" />
					<inject bean="SCTPShellExecutor" />
					<inject bean="TcapExecutor" />
                    <inject bean="SmppShellExecutor" />
                    <inject bean="SMSCShellExecutor" />
					<!-- <inject bean="LinksetExecutor" /> -->
				</list>
			</parameter>
		</constructor>

		<property name="address">${jboss.bind.address}</property>
		<property name="port">3435</property>
		<property name="securityDomain">java:/jaas/jmx-console</property>
	</bean>

	<!-- ==================================================================== -->
	<!-- MAP Service -->
	<!-- ==================================================================== -->
	<bean name="MapStack" class="org.restcomm.protocols.ss7.map.MAPStackImpl">
		<constructor>
			<parameter>MapStack</parameter>
			<parameter>
				<inject bean="TcapStack" property="provider" />
			</parameter>
		</constructor>
	</bean>

	<!-- ==================================================================== -->
	<!-- RestComm SS7 Service -->
	<!-- ==================================================================== -->
	<bean name="MAPSS7Service" class="org.mobicents.smsc.server.bootstrap.SS7Service">
		<annotation>@org.jboss.aop.microcontainer.aspects.jmx.JMX(name="org.restcomm.ss7:service=MAPSS7Service",exposedInterface=org.mobicents.smsc.server.bootstrap.SS7ServiceMBean.class,registerDirectly=true)
		</annotation>
		<constructor>
			<parameter>MAP</parameter>
		</constructor>
		<property name="jndiName">java:/restcomm/ss7/map</property>
		<property name="stack">
			<inject bean="MapStack" property="MAPProvider" />
		</property>
	</bean>

    <!-- ==================================================================== -->
    <!-- SMPP -->
    <!-- SmppManagement is managing SMPP part -->
    <!-- ==================================================================== -->
    <bean name="SmppManagement" class="org.restcomm.smpp.SmppManagement">
        <constructor factoryClass="org.restcomm.smpp.SmppManagement"
            factoryMethod="getInstance">
            <parameter>SmppManagement</parameter>
        </constructor>
        <annotation>@org.jboss.aop.microcontainer.aspects.jmx.JMX(name="org.restcomm.smpp:name=SmppManagement",exposedInterface=org.restcomm.smpp.SmppManagementMBean.class,registerDirectly=true)</annotation>
        <property name="persistDir">${jboss.server.data.dir}</property>
    </bean>

    <bean name="SmppShellExecutor" class="org.restcomm.smpp.oam.SmppShellExecutor">
        <property name="smppManagement">
            <inject bean="SmppManagement" />
        </property>
    </bean>

    <!-- ==================================================================== -->
    <!-- SMSC -->
    <!-- SmscManagement is managing the all Smsc server commands -->
    <!-- ==================================================================== -->
    <bean name="MProcRuleFactoryDefault" class="org.mobicents.smsc.mproc.impl.MProcRuleFactoryDefault">
    </bean>

<!--
    <bean name="MProcRuleFactoryTest" class="org.mobicents.smsc.mproc.testimpl.MProcRuleFactoryTestImpl">
    </bean>
-->

    <bean name="SmscManagement" class="org.mobicents.smsc.domain.SmscManagement">
        <constructor factoryClass="org.mobicents.smsc.domain.SmscManagement"
            factoryMethod="getInstance">
            <parameter>SmscManagement</parameter>
        </constructor>
        <property name="persistDir">${jboss.server.data.dir}</property>
        <property name="smppManagement">
            <inject bean="SmppManagement" />
        </property>
        <property name="MProcRuleFactories">
            <list elementClass="org.mobicents.smsc.mproc.MProcRuleFactory">
                <inject bean="MProcRuleFactoryDefault"/>
                <!-- <inject bean="MProcRuleFactoryTest"/>  -->
            </list>
        </property>
        <!-- 
        <property name="smsRoutingRuleClass">org.mobicents.smsc.domain.DatabaseSmsRoutingRule</property>
         -->
    </bean>

    <bean name="SMSCShellExecutor" class="org.mobicents.smsc.domain.SMSCShellExecutor">
        <property name="smscManagement">
            <inject bean="SmscManagement" />
        </property>
    </bean>

	<!-- ==================================================================== -->
	<!-- RestComm jSS7 Managemenet Service -->
	<!-- ==================================================================== -->

	<bean name="SmscStatProviderJmx" class="org.mobicents.smsc.domain.SmscStatProviderJmx">
		<constructor>
			<parameter><inject bean="Ss7Management" /></parameter>
		</constructor>
	</bean>	
</deployment>
