<?xml version="1.0" encoding="UTF-8" ?>
<port value="2776"/>
<bindTimeout value="5000"/>
<writeTimeout value="0"/>
<systemId value="RestCommSMSC"/>
<autoNegotiateInterfaceVersion value="true"/>
<interfaceVersion value="3.3999999999999999"/>
<maxConnectionSize value="100"/>
<smppActivityTimeout value="120"/>
<defaultWindowSize value="100"/>
<defaultWindowWaitTimeout value="30000"/>
<defaultRequestExpiryTimeout value="30000"/>
<defaultWindowMonitorInterval value="15000"/>
<defaultSessionCountersEnabled value="true"/>
<bindIpAddress value="0.0.0.0"/>
<useSsl value="false"/>
<keyManagerFactoryAlgorithm value="SunX509"/>
<keyStoreType value="JKS"/>
<maxCertPathLength value="-1"/>
<needClientAuth value="false"/>
<protocol value="TLS"/>
<sslSessionCacheSize value="0"/>
<sslSessionTimeout value="0"/>
<trustManagerFactoryAlgorithm value="PKIX"/>
<trustStoreType value="JKS"/>
<wantClientAuth value="false"/>
<allowRenegotiate value="true"/>
<enableCRLDP value="false"/>
<sessionCachingEnabled value="true"/>
<trustAll value="true"/>
<validateCerts value="false"/>
<validatePeerCerts value="false"/>