<?xml version="1.0" encoding="UTF-8" ?>
<scgt value="22220"/>
<scssn value="8"/>
<hlrssn value="6"/>
<mscssn value="8"/>
<maxmapv value="3"/>
<defaultValidityPeriodHours value="72"/>
<maxValidityPeriodHours value="240"/>
<defaultTon value="1"/>
<defaultNpi value="1"/>
<subscriberBusyDueDelay value="120"/>
<firstDueDelay value="20"/>
<secondDueDelay value="300"/>
<maxDueDelay value="86400"/>
<dueDelayMultiplicator value="200"/>
<maxMessageLengthReducer value="6"/>
<dbHosts value="127.0.0.1"/>
<dbPort value="9042"/>
<keyspaceName value="RestCommSMSC"/>
<clusterName value="RestCommSMSC"/>
<fetchPeriod value="200"/>
<fetchMaxRows value="100"/>
<deliveryPause value="false"/>
<removingLiveTablesDays value="3"/>
<removingArchiveTablesDays value="3"/>
<hrHlrNumber value=""/>
<hrSriBypass value="false"/>
<nationalLanguageSingleShift value="0"/>
<nationalLanguageLockingShift value="0"/>
<maxActivityCount value="500"/>
<deliveryTimeout value="120"/>
<deliveryTimeoutDeltaPerMessage value="1"/>
<vpProlong value="120"/>
<smppEncodingForGsm7 value="Utf8"/>
<smppEncodingForUCS2 value="Utf8"/>
<httpEncodingForGsm7 value="Utf8"/>
<httpEncodingForUCS2 value="Utf8"/>
<reviseSecondsOnSmscStart value="60"/>
<processingSmsSetTimeout value="600"/>
<generateReceiptCdr value="false"/>
<generateDetailedCdr value="true"/>
<generateTempFailureCdr value="true"/>
<generateRejectionCdr value="true"/>
<calculateMsgPartsLenCdr value="false"/>
<delayParametersInCdr value="false"/>
<receiptsDisabling value="false"/>
<incomeReceiptsProcessing value="false"/>
<enableIntermediateReceipts value="false"/>
<origNetworkIdForReceipts value="false"/>
<moDefaultMessagingMode value="3"/>
<hrDefaultMessagingMode value="3"/>
<sipDefaultMessagingMode value="3"/>
<generateCdr value="7"/>
<generateArchiveTable value="7"/>
<storeAndForwordMode value="fast"/>
<minMessageId value="1"/>
<maxMessageId value="10000000000"/>
<moCharging value="accept"/>
<hrCharging value="accept"/>
<txSmppCharging value="None"/>
<txSipCharging value="None"/>
<txHttpCharging value="accept"/>
<globalTitleIndicator value="GLOBAL_TITLE_INCLUDES_TRANSLATION_TYPE_NUMBERING_PLAN_ENCODING_SCHEME_AND_NATURE_OF_ADDRESS"/>
<translationType value="0"/>
<correlationIdLiveTime value="60"/>
<sriResponseLiveTime value="0"/>
<httpDefaultSourceTon value="-2"/>
<httpDefaultSourceNpi value="-2"/>
<httpDefaultDestTon value="1"/>
<httpDefaultDestNpi value="1"/>
<httpDefaultNetworkId value="10"/>
<httpDefaultMessagingMode value="1"/>
<httpDefaultRDDeliveryReceipt value="0"/>
<httpDefaultRDIntermediateNotification value="0"/>
<httpDefaultDataCoding value="0"/>
<cassandraUser value="cassandra"/>
<cassandraPass value="cassandra"/>
<diameterDestRealm value="telestax.com"/>
<diameterDestHost value="127.0.0.1"/>
<diameterDestPort value="3868"/>
<diameterUserName value=""/>