<?xml version="1.0" encoding="UTF-8"?>
<!DOCTYPE log4j:configuration SYSTEM "log4j.dtd">

<!-- $Id: jboss-log4j.xml 65459 2007-09-19 00:25:51Z dimitris@jboss.org $ -->

<log4j:configuration xmlns:log4j="http://jakarta.apache.org/log4j/" debug="false">

	<appender name="FILE" class="org.jboss.logging.appender.DailyRollingFileAppender">
		<errorHandler class="org.jboss.logging.util.OnlyOnceErrorHandler"/>
		<param name="File" value="${jboss.server.log.dir}/server.log"/>
		<param name="Append" value="false"/>
		<param name="Threshold" value="INFO"/>

		<param name="DatePattern" value="'.'yyyy-MM-dd"/>

		<layout class="org.apache.log4j.PatternLayout">
			<param name="ConversionPattern" value="%d %-5p [%c] (%t) %m%n"/>
		</layout>
	</appender>

	<appender name="CONSOLE" class="org.apache.log4j.ConsoleAppender">
		<errorHandler class="org.jboss.logging.util.OnlyOnceErrorHandler"/>
		<param name="Target" value="System.out"/>
		<param name="Threshold" value="INFO"/>

		<layout class="org.apache.log4j.PatternLayout">
			<param name="ConversionPattern" value="%d{ABSOLUTE} %-5p [%c{1}] (%t) %m%n"/>
		</layout>
	</appender>

	<appender name="CDR" class="org.jboss.logging.appender.DailyRollingFileAppender"> 
	    <errorHandler class="org.jboss.logging.util.OnlyOnceErrorHandler"/> 
	    <param name="File" value="${jboss.server.home.dir}/log/cdr.log"/> 
	    <param name="Append" value="true"/> 
	    <param name="Threshold" value="DEBUG"/>

	    <param name="DatePattern" value="'.'yyyy-MM-dd"/>

	    <layout class="org.apache.log4j.PatternLayout"> 
		<param name="ConversionPattern" value="%d %-5p [%c] %m%n"/> 
	    </layout> 
	</appender> 
	
	<appender name="CDR_DETAILED" class="org.jboss.logging.appender.DailyRollingFileAppender">
		<errorHandler class="org.jboss.logging.util.OnlyOnceErrorHandler" />
		<param name="File" value="${jboss.server.home.dir}/log/cdr_detailed.log" />
		<param name="Append" value="true" />
		<param name="Threshold" value="DEBUG" />

	    <param name="DatePattern" value="'.'yyyy-MM-dd"/>

		<layout class="org.apache.log4j.PatternLayout">
			<param name="ConversionPattern" value="%d %-5p [%c] %m%n" />
		</layout>
	</appender>	

	<appender name="STATS" class="org.jboss.logging.appender.DailyRollingFileAppender"> 
	    <errorHandler class="org.jboss.logging.util.OnlyOnceErrorHandler"/> 
	    <param name="File" value="${jboss.server.home.dir}/log/stats.log"/> 
	    <param name="Append" value="true"/> 
	    <param name="Threshold" value="DEBUG"/>
	    
	    <param name="DatePattern" value="'.'yyyy-MM-dd"/>

	    <layout class="org.apache.log4j.PatternLayout"> 
		<param name="ConversionPattern" value="%d %-5p [%c] %m%n"/> 
	    </layout> 
	</appender>		

	<appender name="CSVSTATS" class="org.jboss.logging.appender.DailyRollingFileAppender">
		<errorHandler class="org.jboss.logging.util.OnlyOnceErrorHandler"/>
		<param name="File" value="${jboss.server.home.dir}/log/csvstats.log"/>
		<param name="Append" value="true"/>
		<param name="Threshold" value="DEBUG"/>

		<param name="DatePattern" value="'.'yyyy-MM-dd"/>

		<layout class="org.apache.log4j.PatternLayout">
			<param name="ConversionPattern" value="%d %-5p [%c] %m%n"/>
		</layout>
	</appender>


	<category name="javax.slee">
		<priority value="INFO" />
	</category>
	
	<category name="org.mobicents.smsc.library.CdrGenerator" additivity="false"> 
	    <priority value="DEBUG" /> 
	    <appender-ref ref="CDR"/> 
	</category> 
	
	<category name="org.mobicents.smsc.library.CdrDetailedGenerator" additivity="false">
		<priority value="DEBUG" />
		<appender-ref ref="CDR_DETAILED" />
	</category>	

	<category name="org.mobicents">
		<priority value="INFO" />
	</category>
	
	<category name="gov.nist">
		<priority value="WARN" />
	</category>
	
	<root>
		<level value="INFO"/>
		<appender-ref ref="CONSOLE"/>
		<appender-ref ref="FILE"/>
	</root>

</log4j:configuration>
