<?xml version="1.0" encoding="UTF-8"?>
<!DOCTYPE deployable-unit PUBLIC "-//Sun Microsystems, Inc.//DTD JAIN SLEE Deployable Unit 1.1//EN" "http://java.sun.com/dtd/slee-deployable-unit_1_1.dtd">
<deployable-unit>
	<jar>jars/tx-smppserver-sbb-6.1.2-RestComm-SNAPSHOT.jar</jar>
	<jar>jars/mt-sbb-6.1.2-RestComm-SNAPSHOT.jar</jar>
	<jar>jars/alert-sbb-6.1.2-RestComm-SNAPSHOT.jar</jar>
	<jar>jars/charging-sbb-6.1.2-RestComm-SNAPSHOT.jar</jar>
	<jar>jars/smsc-library-6.1.2-RestComm-SNAPSHOT.jar</jar>
	<jar>jars/rx-smppserver-sbb-6.1.2-RestComm-SNAPSHOT.jar</jar>
	<jar>jars/persistence-sbb-6.1.2-RestComm-SNAPSHOT.jar</jar>
	<jar>jars/mo-sbb-6.1.2-RestComm-SNAPSHOT.jar</jar>
	<service-xml>services/service.xml</service-xml>
</deployable-unit>