<?xml version="1.0" encoding="utf-8"?>
<!DOCTYPE sbb-jar PUBLIC "-//Sun Microsystems, Inc.//DTD JAIN SLEE SBB 1.1//EN"
                         "http://java.sun.com/dtd/slee-sbb-jar_1_1.dtd">
<sbb-jar>

	<sbb id="hrSriServerSbb">
		<description>SBB listening for incoming SRI</description>
		<sbb-name>HrSriServerSbb</sbb-name>
		<sbb-vendor>org.mobicents</sbb-vendor>
		<sbb-version>1.0</sbb-version>
		<sbb-alias>HrSriServerSbb</sbb-alias>

        <sbb-ref>
            <sbb-name>HrSriClientSbb</sbb-name>
            <sbb-vendor>org.mobicents</sbb-vendor>
            <sbb-version>1.0</sbb-version>
            <sbb-alias>HrSriClientSbb</sbb-alias>
        </sbb-ref>

		<sbb-classes>
			<sbb-abstract-class>
				<sbb-abstract-class-name>org.mobicents.smsc.slee.services.hr.HrSriServerSbb</sbb-abstract-class-name>
                <cmp-field><cmp-field-name>invokeId</cmp-field-name></cmp-field>
                <cmp-field><cmp-field-name>smscAddressForCountryCode</cmp-field-name></cmp-field>

                <get-child-relation-method>
                    <sbb-alias-ref>
                        HrSriClientSbb
                    </sbb-alias-ref>
                    <get-child-relation-method-name>
                        getHrSriClientSbb
                    </get-child-relation-method-name>
                    <default-priority>0</default-priority>
                </get-child-relation-method>
			</sbb-abstract-class>
            <sbb-local-interface>
                <sbb-local-interface-name>org.mobicents.smsc.slee.services.hr.HrSriServerSbbLocalObject</sbb-local-interface-name>
            </sbb-local-interface>
		</sbb-classes>

		<!-- MAP Dialog Events -->
		<event event-direction="Receive" initial-event="False">
			<event-name>DialogDelimiter</event-name>
			<event-type-ref>
				<event-type-name>ss7.map.DIALOG_DELIMITER</event-type-name>
				<event-type-vendor>org.restcomm</event-type-vendor>
				<event-type-version>1.0</event-type-version>
			</event-type-ref>
		</event>

		<event event-direction="Receive" initial-event="True">
			<event-name>DialogRequest</event-name>
			<event-type-ref>
				<event-type-name>ss7.map.DIALOG_REQUEST</event-type-name>
				<event-type-vendor>org.restcomm</event-type-vendor>
				<event-type-version>1.0</event-type-version>
			</event-type-ref>
			<initial-event-selector-method-name>initialEventSelect</initial-event-selector-method-name>
		</event>

		<event event-direction="Receive" initial-event="False">
			<event-name>DialogAccept</event-name>
			<event-type-ref>
				<event-type-name>ss7.map.DIALOG_ACCEPT</event-type-name>
				<event-type-vendor>org.restcomm</event-type-vendor>
				<event-type-version>1.0</event-type-version>
			</event-type-ref>
		</event>

		<event event-direction="Receive" initial-event="False">
			<event-name>DialogReject</event-name>
			<event-type-ref>
				<event-type-name>ss7.map.DIALOG_REJECT</event-type-name>
				<event-type-vendor>org.restcomm</event-type-vendor>
				<event-type-version>1.0</event-type-version>
			</event-type-ref>
		</event>

		<event event-direction="Receive" initial-event="False">
			<event-name>DialogUserAbort</event-name>
			<event-type-ref>
				<event-type-name>ss7.map.DIALOG_USERABORT</event-type-name>
				<event-type-vendor>org.restcomm</event-type-vendor>
				<event-type-version>1.0</event-type-version>
			</event-type-ref>
		</event>

		<event event-direction="Receive" initial-event="False">
			<event-name>DialogProviderAbort</event-name>
			<event-type-ref>
				<event-type-name>ss7.map.DIALOG_PROVIDERABORT</event-type-name>
				<event-type-vendor>org.restcomm</event-type-vendor>
				<event-type-version>1.0</event-type-version>
			</event-type-ref>
		</event>

		<event event-direction="Receive" initial-event="False">
			<event-name>DialogClose</event-name>
			<event-type-ref>
				<event-type-name>ss7.map.DIALOG_CLOSE</event-type-name>
				<event-type-vendor>org.restcomm</event-type-vendor>
				<event-type-version>1.0</event-type-version>
			</event-type-ref>
		</event>

		<event event-direction="Receive" initial-event="False">
			<event-name>DialogNotice</event-name>
			<event-type-ref>
				<event-type-name>ss7.map.DIALOG_NOTICE</event-type-name>
				<event-type-vendor>org.restcomm</event-type-vendor>
				<event-type-version>1.0</event-type-version>
			</event-type-ref>
		</event>

		<event event-direction="Receive" initial-event="False">
			<event-name>DialogTimeout</event-name>
			<event-type-ref>
				<event-type-name>ss7.map.DIALOG_TIMEOUT</event-type-name>
				<event-type-vendor>org.restcomm</event-type-vendor>
				<event-type-version>1.0</event-type-version>
			</event-type-ref>
		</event>

		<event event-direction="Receive" initial-event="False">
			<event-name>DialogRelease</event-name>
			<event-type-ref>
				<event-type-name>ss7.map.DIALOG_RELEASE</event-type-name>
				<event-type-vendor>org.restcomm</event-type-vendor>
				<event-type-version>1.0</event-type-version>
			</event-type-ref>
		</event>

        <!-- MAP SMS Events -->

        <event event-direction="Receive" initial-event="False">
            <event-name>SendRoutingInfoForSMRequest</event-name>
            <event-type-ref>
                <event-type-name>ss7.map.service.sms.SEND_ROUTING_INFO_FOR_SM_REQUEST</event-type-name>
                <event-type-vendor>org.restcomm</event-type-vendor>
                <event-type-version>1.0</event-type-version>
            </event-type-ref>
        </event>

        <event event-direction="Receive" initial-event="False">
            <event-name>SendRoutingInfoForSMResponse</event-name>
            <event-type-ref>
                <event-type-name>ss7.map.service.sms.SEND_ROUTING_INFO_FOR_SM_RESPONSE</event-type-name>
                <event-type-vendor>org.restcomm</event-type-vendor>
                <event-type-version>1.0</event-type-version>
            </event-type-ref>
        </event>

		<!-- Component events -->
		<event event-direction="Receive" initial-event="False">
			<event-name>InvokeTimeout</event-name>
			<event-type-ref>
				<event-type-name>ss7.map.INVOKE_TIMEOUT</event-type-name>
				<event-type-vendor>org.restcomm</event-type-vendor>
				<event-type-version>1.0</event-type-version>
			</event-type-ref>
		</event>

		<event event-direction="Receive" initial-event="False">
			<event-name>ErrorComponent</event-name>
			<event-type-ref>
				<event-type-name>ss7.map.ERROR_COMPONENT</event-type-name>
				<event-type-vendor>org.restcomm</event-type-vendor>
				<event-type-version>1.0</event-type-version>
			</event-type-ref>
		</event>

		<event event-direction="Receive" initial-event="False">
			<event-name>RejectComponent</event-name>
			<event-type-ref>
				<event-type-name>ss7.map.REJECT_COMPONENT</event-type-name>
				<event-type-vendor>org.restcomm</event-type-vendor>
				<event-type-version>1.0</event-type-version>
			</event-type-ref>
		</event>

		<event event-direction="Receive" initial-event="True">
			<event-name>ServiceStartedEvent</event-name>
			<event-type-ref>
				<event-type-name>javax.slee.serviceactivity.ServiceStartedEvent</event-type-name>
				<event-type-vendor>javax.slee</event-type-vendor>
				<event-type-version>1.1</event-type-version>
			</event-type-ref>
			<initial-event-select variable="ActivityContext" />
		</event>

		<event event-direction="Receive" initial-event="False">
			<event-name>ActivityEndEvent</event-name>
			<event-type-ref>
				<event-type-name>javax.slee.ActivityEndEvent</event-type-name>
				<event-type-vendor>javax.slee</event-type-vendor>
				<event-type-version>1.0</event-type-version>
			</event-type-ref>
		</event>


		<resource-adaptor-type-binding>
			<resource-adaptor-type-ref>
				<resource-adaptor-type-name>MAPResourceAdaptorType</resource-adaptor-type-name>
				<resource-adaptor-type-vendor>org.restcomm</resource-adaptor-type-vendor>
				<resource-adaptor-type-version>2.0</resource-adaptor-type-version>
			</resource-adaptor-type-ref>
			<activity-context-interface-factory-name>slee/resources/map/2.0/acifactory</activity-context-interface-factory-name>
			<resource-adaptor-entity-binding>
				<resource-adaptor-object-name>slee/resources/map/2.0/provider</resource-adaptor-object-name>
				<resource-adaptor-entity-link>MAPRA</resource-adaptor-entity-link>
			</resource-adaptor-entity-binding>
		</resource-adaptor-type-binding>

		<resource-adaptor-type-binding>
			<resource-adaptor-type-ref>
				<resource-adaptor-type-name>SMPPServerResourceAdaptorType</resource-adaptor-type-name>
				<resource-adaptor-type-vendor>org.restcomm</resource-adaptor-type-vendor>
				<resource-adaptor-type-version>1.0</resource-adaptor-type-version>
			</resource-adaptor-type-ref>
			<activity-context-interface-factory-name>slee/resources/smppp/server/1.0/acifactory</activity-context-interface-factory-name>
			<resource-adaptor-entity-binding>
				<resource-adaptor-object-name>slee/resources/smpp/server/1.0/provider</resource-adaptor-object-name>
				<resource-adaptor-entity-link>SmppServerRA</resource-adaptor-entity-link>
			</resource-adaptor-entity-binding>
		</resource-adaptor-type-binding>


        <resource-adaptor-type-binding>
            <resource-adaptor-type-ref>
                <resource-adaptor-type-name>PersistenceResourceAdaptorType</resource-adaptor-type-name>
                <resource-adaptor-type-vendor>org.mobicents</resource-adaptor-type-vendor>
                <resource-adaptor-type-version>1.0</resource-adaptor-type-version>
            </resource-adaptor-type-ref>
            
            <resource-adaptor-entity-binding>
                <resource-adaptor-object-name>slee/resources/persistence/1.0/provider</resource-adaptor-object-name>
                <resource-adaptor-entity-link>PersistenceResourceAdaptor</resource-adaptor-entity-link>
            </resource-adaptor-entity-binding>
        </resource-adaptor-type-binding>
        <resource-adaptor-type-binding>
            <resource-adaptor-type-ref>
                <resource-adaptor-type-name>SchedulerResourceAdaptorType</resource-adaptor-type-name>
                <resource-adaptor-type-vendor>org.mobicents</resource-adaptor-type-vendor>
                <resource-adaptor-type-version>1.0</resource-adaptor-type-version>
            </resource-adaptor-type-ref>

            <resource-adaptor-entity-binding>
                <resource-adaptor-object-name>slee/resources/scheduler/1.0/provider</resource-adaptor-object-name>
                <resource-adaptor-entity-link>SchedulerResourceAdaptor</resource-adaptor-entity-link>
            </resource-adaptor-entity-binding>
        </resource-adaptor-type-binding>

        <resource-adaptor-type-binding>
            <resource-adaptor-type-ref>
                <resource-adaptor-type-name>MProcResourceAdaptorType</resource-adaptor-type-name>
                <resource-adaptor-type-vendor>org.mobicents</resource-adaptor-type-vendor>
                <resource-adaptor-type-version>1.0</resource-adaptor-type-version>
            </resource-adaptor-type-ref>
            <resource-adaptor-entity-binding>
                <resource-adaptor-object-name>slee/resources/mproc/1.0/provider</resource-adaptor-object-name>
                <resource-adaptor-entity-link>MProcResourceAdaptor</resource-adaptor-entity-link>
            </resource-adaptor-entity-binding>
        </resource-adaptor-type-binding>

	</sbb>

    <sbb id="hrSriClientSbb">
        <description>SBB for sending outgoing SRI for homeRouting mode</description>
        <sbb-name>HrSriClientSbb</sbb-name>
        <sbb-vendor>org.mobicents</sbb-vendor>
        <sbb-version>1.0</sbb-version>
        <sbb-alias>HrSriClientSbb</sbb-alias>

        <sbb-classes>
            <sbb-abstract-class>
                <sbb-abstract-class-name>org.mobicents.smsc.slee.services.hr.HrSriClientSbb</sbb-abstract-class-name>
                <cmp-field><cmp-field-name>correlationIdValue</cmp-field-name></cmp-field>
                <cmp-field><cmp-field-name>sriMapVersion</cmp-field-name></cmp-field>
                <cmp-field><cmp-field-name>sendRoutingInfoForSMResponse</cmp-field-name></cmp-field>
                <cmp-field><cmp-field-name>errorResponse</cmp-field-name></cmp-field>
                <cmp-field><cmp-field-name>inProcess</cmp-field-name></cmp-field>
            </sbb-abstract-class>
            <sbb-local-interface>
                <sbb-local-interface-name>
                    org.mobicents.smsc.slee.services.hr.HrSriClientSbbLocalObject
                </sbb-local-interface-name>
            </sbb-local-interface>
        </sbb-classes>

        <!-- MAP Dialog Events -->
        <event event-direction="Receive" initial-event="False">
            <event-name>DialogDelimiter</event-name>
            <event-type-ref>
                <event-type-name>ss7.map.DIALOG_DELIMITER</event-type-name>
                <event-type-vendor>org.restcomm</event-type-vendor>
                <event-type-version>1.0</event-type-version>
            </event-type-ref>
        </event>

        <event event-direction="Receive" initial-event="False">
            <event-name>DialogRequest</event-name>
            <event-type-ref>
                <event-type-name>ss7.map.DIALOG_REQUEST</event-type-name>
                <event-type-vendor>org.restcomm</event-type-vendor>
                <event-type-version>1.0</event-type-version>
            </event-type-ref>
            <initial-event-selector-method-name>initialEventSelect</initial-event-selector-method-name>
        </event>

        <event event-direction="Receive" initial-event="False">
            <event-name>DialogAccept</event-name>
            <event-type-ref>
                <event-type-name>ss7.map.DIALOG_ACCEPT</event-type-name>
                <event-type-vendor>org.restcomm</event-type-vendor>
                <event-type-version>1.0</event-type-version>
            </event-type-ref>
        </event>

        <event event-direction="Receive" initial-event="False">
            <event-name>DialogReject</event-name>
            <event-type-ref>
                <event-type-name>ss7.map.DIALOG_REJECT</event-type-name>
                <event-type-vendor>org.restcomm</event-type-vendor>
                <event-type-version>1.0</event-type-version>
            </event-type-ref>
        </event>

        <event event-direction="Receive" initial-event="False">
            <event-name>DialogUserAbort</event-name>
            <event-type-ref>
                <event-type-name>ss7.map.DIALOG_USERABORT</event-type-name>
                <event-type-vendor>org.restcomm</event-type-vendor>
                <event-type-version>1.0</event-type-version>
            </event-type-ref>
        </event>

        <event event-direction="Receive" initial-event="False">
            <event-name>DialogProviderAbort</event-name>
            <event-type-ref>
                <event-type-name>ss7.map.DIALOG_PROVIDERABORT</event-type-name>
                <event-type-vendor>org.restcomm</event-type-vendor>
                <event-type-version>1.0</event-type-version>
            </event-type-ref>
        </event>

        <event event-direction="Receive" initial-event="False">
            <event-name>DialogClose</event-name>
            <event-type-ref>
                <event-type-name>ss7.map.DIALOG_CLOSE</event-type-name>
                <event-type-vendor>org.restcomm</event-type-vendor>
                <event-type-version>1.0</event-type-version>
            </event-type-ref>
        </event>

        <event event-direction="Receive" initial-event="False">
            <event-name>DialogNotice</event-name>
            <event-type-ref>
                <event-type-name>ss7.map.DIALOG_NOTICE</event-type-name>
                <event-type-vendor>org.restcomm</event-type-vendor>
                <event-type-version>1.0</event-type-version>
            </event-type-ref>
        </event>

        <event event-direction="Receive" initial-event="False">
            <event-name>DialogTimeout</event-name>
            <event-type-ref>
                <event-type-name>ss7.map.DIALOG_TIMEOUT</event-type-name>
                <event-type-vendor>org.restcomm</event-type-vendor>
                <event-type-version>1.0</event-type-version>
            </event-type-ref>
        </event>

        <event event-direction="Receive" initial-event="False">
            <event-name>DialogRelease</event-name>
            <event-type-ref>
                <event-type-name>ss7.map.DIALOG_RELEASE</event-type-name>
                <event-type-vendor>org.restcomm</event-type-vendor>
                <event-type-version>1.0</event-type-version>
            </event-type-ref>
        </event>
        <!-- MAP SMS Events -->

        <event event-direction="Receive" initial-event="False">
            <event-name>SendRoutingInfoForSMRequest</event-name>
            <event-type-ref>
                <event-type-name>ss7.map.service.sms.SEND_ROUTING_INFO_FOR_SM_REQUEST</event-type-name>
                <event-type-vendor>org.restcomm</event-type-vendor>
                <event-type-version>1.0</event-type-version>
            </event-type-ref>
        </event>

        <event event-direction="Receive" initial-event="False">
            <event-name>SendRoutingInfoForSMResponse</event-name>
            <event-type-ref>
                <event-type-name>ss7.map.service.sms.SEND_ROUTING_INFO_FOR_SM_RESPONSE</event-type-name>
                <event-type-vendor>org.restcomm</event-type-vendor>
                <event-type-version>1.0</event-type-version>
            </event-type-ref>
        </event>

        <event event-direction="Receive" initial-event="False">
            <event-name>InformServiceCentreRequest</event-name>
            <event-type-ref>
                <event-type-name>ss7.map.service.sms.INFORM_SERVICE_CENTER_REQUEST</event-type-name>
                <event-type-vendor>org.restcomm</event-type-vendor>
                <event-type-version>1.0</event-type-version>
            </event-type-ref>
        </event>

        <!-- Component events -->
        <event event-direction="Receive" initial-event="False">
            <event-name>InvokeTimeout</event-name>
            <event-type-ref>
                <event-type-name>ss7.map.INVOKE_TIMEOUT</event-type-name>
                <event-type-vendor>org.restcomm</event-type-vendor>
                <event-type-version>1.0</event-type-version>
            </event-type-ref>
        </event>

        <event event-direction="Receive" initial-event="False">
            <event-name>ErrorComponent</event-name>
            <event-type-ref>
                <event-type-name>ss7.map.ERROR_COMPONENT</event-type-name>
                <event-type-vendor>org.restcomm</event-type-vendor>
                <event-type-version>1.0</event-type-version>
            </event-type-ref>
        </event>

        <event event-direction="Receive" initial-event="False">
            <event-name>RejectComponent</event-name>
            <event-type-ref>
                <event-type-name>ss7.map.REJECT_COMPONENT</event-type-name>
                <event-type-vendor>org.restcomm</event-type-vendor>
                <event-type-version>1.0</event-type-version>
            </event-type-ref>
        </event>


        <resource-adaptor-type-binding>
            <resource-adaptor-type-ref>
                <resource-adaptor-type-name>MAPResourceAdaptorType</resource-adaptor-type-name>
                <resource-adaptor-type-vendor>org.restcomm</resource-adaptor-type-vendor>
                <resource-adaptor-type-version>2.0</resource-adaptor-type-version>
            </resource-adaptor-type-ref>
            <activity-context-interface-factory-name>slee/resources/map/2.0/acifactory</activity-context-interface-factory-name>
            <resource-adaptor-entity-binding>
                <resource-adaptor-object-name>slee/resources/map/2.0/provider</resource-adaptor-object-name>
                <resource-adaptor-entity-link>MAPRA</resource-adaptor-entity-link>
            </resource-adaptor-entity-binding>
        </resource-adaptor-type-binding>

        <resource-adaptor-type-binding>
            <resource-adaptor-type-ref>
                <resource-adaptor-type-name>SMPPServerResourceAdaptorType</resource-adaptor-type-name>
                <resource-adaptor-type-vendor>org.restcomm</resource-adaptor-type-vendor>
                <resource-adaptor-type-version>1.0</resource-adaptor-type-version>
            </resource-adaptor-type-ref>
            <activity-context-interface-factory-name>slee/resources/smppp/server/1.0/acifactory</activity-context-interface-factory-name>
            <resource-adaptor-entity-binding>
                <resource-adaptor-object-name>slee/resources/smpp/server/1.0/provider</resource-adaptor-object-name>
                <resource-adaptor-entity-link>SmppServerRA</resource-adaptor-entity-link>
            </resource-adaptor-entity-binding>
        </resource-adaptor-type-binding>


        <resource-adaptor-type-binding>
            <resource-adaptor-type-ref>
                <resource-adaptor-type-name>PersistenceResourceAdaptorType</resource-adaptor-type-name>
                <resource-adaptor-type-vendor>org.mobicents</resource-adaptor-type-vendor>
                <resource-adaptor-type-version>1.0</resource-adaptor-type-version>
            </resource-adaptor-type-ref>
            
            <resource-adaptor-entity-binding>
                <resource-adaptor-object-name>slee/resources/persistence/1.0/provider</resource-adaptor-object-name>
                <resource-adaptor-entity-link>PersistenceResourceAdaptor</resource-adaptor-entity-link>
            </resource-adaptor-entity-binding>
        </resource-adaptor-type-binding>
        <resource-adaptor-type-binding>
            <resource-adaptor-type-ref>
                <resource-adaptor-type-name>SchedulerResourceAdaptorType</resource-adaptor-type-name>
                <resource-adaptor-type-vendor>org.mobicents</resource-adaptor-type-vendor>
                <resource-adaptor-type-version>1.0</resource-adaptor-type-version>
            </resource-adaptor-type-ref>

            <resource-adaptor-entity-binding>
                <resource-adaptor-object-name>slee/resources/scheduler/1.0/provider</resource-adaptor-object-name>
                <resource-adaptor-entity-link>SchedulerResourceAdaptor</resource-adaptor-entity-link>
            </resource-adaptor-entity-binding>
        </resource-adaptor-type-binding>

        <resource-adaptor-type-binding>
            <resource-adaptor-type-ref>
                <resource-adaptor-type-name>MProcResourceAdaptorType</resource-adaptor-type-name>
                <resource-adaptor-type-vendor>org.mobicents</resource-adaptor-type-vendor>
                <resource-adaptor-type-version>1.0</resource-adaptor-type-version>
            </resource-adaptor-type-ref>
            <resource-adaptor-entity-binding>
                <resource-adaptor-object-name>slee/resources/mproc/1.0/provider</resource-adaptor-object-name>
                <resource-adaptor-entity-link>MProcResourceAdaptor</resource-adaptor-entity-link>
            </resource-adaptor-entity-binding>
        </resource-adaptor-type-binding>

    </sbb>

</sbb-jar>
