<?xml version="1.0" encoding="utf-8"?>
<!DOCTYPE service-xml PUBLIC 
	"-//Sun Microsystems, Inc.//DTD JAIN SLEE Service 1.1//EN"
    "http://java.sun.com/dtd/slee-service-xml_1_1.dtd">
<service-xml>
	<service>
		<service-name>MoService</service-name>
		<service-vendor>org.mobicents</service-vendor>
		<service-version>1.0</service-version>
		<root-sbb>
			<sbb-name>MoSbb</sbb-name>
			<sbb-vendor>org.mobicents</sbb-vendor>
			<sbb-version>1.0</sbb-version>
		</root-sbb>
		<default-priority>0</default-priority>
	</service>
	<service>
		<service-name>AlertService</service-name>
		<service-vendor>org.mobicents</service-vendor>
		<service-version>1.0</service-version>
		<root-sbb>
			<sbb-name>AlertSbb</sbb-name>
			<sbb-vendor>org.mobicents</sbb-vendor>
			<sbb-version>1.0</sbb-version>
		</root-sbb>
		<default-priority>0</default-priority>
	</service>
	<service>
		<service-name>ChargingService</service-name>
		<service-vendor>org.mobicents</service-vendor>
		<service-version>1.0</service-version>
		<root-sbb>
			<sbb-name>ChargingSbb</sbb-name>
			<sbb-vendor>org.mobicents</sbb-vendor>
			<sbb-version>1.0</sbb-version>
		</root-sbb>
		<default-priority>0</default-priority>
	</service>
	<service>
		<service-name>SmscTxSmppServerService</service-name>
		<service-vendor>org.mobicents</service-vendor>
		<service-version>1.0</service-version>
		<root-sbb>
			<sbb-name>TxSmppServerSbb</sbb-name>
			<sbb-vendor>org.mobicents</sbb-vendor>
			<sbb-version>1.0</sbb-version>
		</root-sbb>
		<default-priority>0</default-priority>
	</service>
	<service>
		<service-name>SmscRxSmppServerService</service-name>
		<service-vendor>org.mobicents</service-vendor>
		<service-version>1.0</service-version>
		<root-sbb>
			<sbb-name>RxSmppServerSbb</sbb-name>
			<sbb-vendor>org.mobicents</sbb-vendor>
			<sbb-version>1.0</sbb-version>
		</root-sbb>
		<default-priority>0</default-priority>
	</service>
	<service>
		<service-name>MtService</service-name>
		<service-vendor>org.mobicents</service-vendor>
		<service-version>1.0</service-version>
		<root-sbb>
			<sbb-name>SriSbb</sbb-name>
			<sbb-vendor>org.mobicents</sbb-vendor>
			<sbb-version>1.0</sbb-version>
		</root-sbb>
		<default-priority>0</default-priority>
	</service>
	<service>
		<service-name>SmscTxSipServerService</service-name>
		<service-vendor>org.mobicents</service-vendor>
		<service-version>1.0</service-version>
		<root-sbb>
			<sbb-name>TxSipServerSbb</sbb-name>
			<sbb-vendor>org.mobicents</sbb-vendor>
			<sbb-version>1.0</sbb-version>
		</root-sbb>
		<default-priority>0</default-priority>
	</service>	
	<service>
		<service-name>SmscRxSipServerService</service-name>
		<service-vendor>org.mobicents</service-vendor>
		<service-version>1.0</service-version>
		<root-sbb>
			<sbb-name>RxSipServerSbb</sbb-name>
			<sbb-vendor>org.mobicents</sbb-vendor>
			<sbb-version>1.0</sbb-version>
		</root-sbb>
		<default-priority>0</default-priority>
	</service>	
	<service>
		<service-name>HomeRoutingService</service-name>
		<service-vendor>org.mobicents</service-vendor>
		<service-version>1.0</service-version>
		<root-sbb>
			<sbb-name>HrSriServerSbb</sbb-name>
			<sbb-vendor>org.mobicents</sbb-vendor>
			<sbb-version>1.0</sbb-version>
		</root-sbb>
		<default-priority>0</default-priority>
	</service>
	<service>
		<service-name>SmscTxHttpServerService</service-name>
		<service-vendor>org.mobicents</service-vendor>
		<service-version>1.0</service-version>
		<root-sbb>
			<sbb-name>TxHttpServerSbb</sbb-name>
			<sbb-vendor>org.mobicents</sbb-vendor>
			<sbb-version>1.0</sbb-version>
		</root-sbb>
		<default-priority>0</default-priority>
	</service>
</service-xml>
