<?xml version="1.0"?>
<Configuration xmlns="http://www.jdiameter.org/jdiameter-server">

  <LocalPeer>
    <URI value="aaa://127.0.0.1:3968" />
    <IPAddresses>
      <IPAddress value="127.0.0.1" />
    </IPAddresses>
    <Realm value="telestax.com" />
    <VendorID value="18016" />
    <ProductName value="jDiameter" />
    <FirmwareRevision value="1" />
    <OverloadMonitor>
      <Entry index="1" lowThreshold="0.5" highThreshold="0.6">
        <ApplicationID>
          <VendorId value="0" />
          <AuthApplId value="4" />
          <AcctApplId value="0" />
        </ApplicationID>
      </Entry>
    </OverloadMonitor>
  </LocalPeer>

  <Parameters>
    <AcceptUndefinedPeer value="true" />
    <DuplicateProtection value="false" />
    <DuplicateTimer value="240000" />
    <DuplicateSize value="5000" />
    <UseUriAsFqdn value="false" />
    <QueueSize value="10000" />

    <!-- Timeouts -->
    <MessageTimeOut value="60000" />
    <StopTimeOut value="10000" />
    <CeaTimeOut value="10000" />
    <IacTimeOut value="30000" />
    <DwaTimeOut value="10000" />
    <DpaTimeOut value="5000" />
    <RecTimeOut value="10000" />

    <!-- Statistics Configuration -->
    <Statistics pause="30000" delay="30000" enabled="false" active_records="Concurrent,ScheduledExecService,Network,ScheduledExecService,AppGenRequestPerSecond,NetGenRequestPerSecond,Peer,Peer.local,PeerFSM"/>
        
    <Concurrent>
      <Entity name="ThreadGroup" size="64"/> <!-- Common Thread Pool -->
      <Entity name="ProcessingMessageTimer" size="1"/>
      <Entity name="DuplicationMessageTimer" size="1"/>
      <Entity name="RedirectMessageTimer" size="1"/>
      <Entity name="PeerOverloadTimer" size="1"/>
      <Entity name="ConnectionTimer" size="1"/>
      <Entity name="StatisticTimer" size="1"/>
    </Concurrent>

    <Dictionary enabled="false" sendLevel="MESSAGE" receiveLevel="OFF" />    

    <!-- Router Request Table Cache Size and ClearSize -->
    <RequestTable size="10240" clear_size="2048" />
  </Parameters>

  <Network>
    <Peers>
      <Peer name="aaa://127.0.0.2" attempt_connect="true" rating="1" />
    </Peers>
    <Realms>
      <Realm name="telestax.com" peers="127.0.0.2" local_action="LOCAL" dynamic="false" exp_time="1">
        <ApplicationID>
          <VendorId value="0" />
          <AuthApplId value="4" />
          <AcctApplId value="0" />
        </ApplicationID>
      </Realm>
    </Realms>
  </Network>

  <Extensions>
    <!-- To enable clustering uncomment the following lines
    <SessionDatasource value="org.mobicents.diameter.impl.ha.data.ReplicatedSessionDatasource"/>
    <TimerFacility value="org.mobicents.diameter.impl.ha.timer.ReplicatedTimerFacilityImpl"/>
    -->
  </Extensions>

</Configuration>
