<assembly>
	<id>server</id>
	<formats>
		<format>zip</format>
	</formats>
	<includeBaseDirectory>false</includeBaseDirectory>

	<files>

	</files>
	<dependencySets>
		<dependencySet>
			<outputDirectory>/lib</outputDirectory>
			<unpack>false</unpack>
			<scope>runtime</scope>
			<includes>
				<!-- cassandra driver -->
				<include>com.datastax.cassandra:cassandra-driver-core</include>
				
				<!-- cassandra driver dep tree -->
				<include>org.xerial.snappy:snappy-java</include>
				<include>com.codahale.metrics:metrics-core</include>

				<include>com.google.guava:guava</include>
				<include>io.netty:netty</include>
				<include>org.codehaus.jackson:jackson-core-asl</include>
				<include>org.codehaus.jackson:jackson-mapper-asl</include>

				
				<!-- SMSC libraris -->
				<include>org.mobicents.smsc:bootstrap</include>
				<include>org.mobicents.smsc:domain</include>
				<include>org.mobicents.smsc:smsc-common-library</include>
				<include>org.mobicents.smsc:mproc-api</include>

				<!-- smpp library -->
				<include>org.restcomm.smpp:ch-commons-util</include>
				<include>org.restcomm.smpp:ch-commons-charset</include>
				<include>org.restcomm.smpp:ch-smpp</include>
				<include>org.restcomm.smpp:smpp-extensions</include>

				<include>joda-time:joda-time</include>
				<!-- <include>org.slf4j:slf4j-api</include> -->

				<!-- Not strictly SS7, But needed by SS7 -->
				<include>javolution:javolution</include>
				<include>org.mobicents.protocols.sctp:sctp-api</include>
				<include>org.mobicents.protocols.sctp:sctp-impl</include>
				<include>org.mobicents.commons:commons</include>
				<include>org.mobicents.protocols.stream:stream</include>
				<include>org.mobicents.protocols.asn:asn</include>

				<!-- SS7 Libraries -->
				<include>org.restcomm.protocols.ss7.statistics:statistics-api</include>
				<include>org.restcomm.protocols.ss7.statistics:statistics-impl</include>
				<include>org.restcomm.protocols.ss7.scheduler:scheduler</include>
				<include>org.restcomm.protocols.ss7.sccp:sccp-api</include>
				<include>org.restcomm.protocols.ss7.sccp:sccp-impl</include>
				<include>org.restcomm.protocols.ss7.isup:isup-api</include>
				<include>org.restcomm.protocols.ss7.isup:isup-impl</include>
				<include>org.restcomm.protocols.ss7.tcap:tcap-api</include>
				<include>org.restcomm.protocols.ss7.tcap:tcap-impl</include>
				<include>org.restcomm.protocols.ss7.map:map-api</include>
				<include>org.restcomm.protocols.ss7.map:map-impl</include>
				<include>org.restcomm.protocols.ss7.m3ua:m3ua-api</include>
				<include>org.restcomm.protocols.ss7.m3ua:m3ua-impl</include>
				<include>org.restcomm.protocols.ss7.mtp:mtp</include>
				<include>org.restcomm.protocols.ss7.mtp:mtp-api</include>
				<include>org.restcomm.protocols.ss7.management:shell-transport	</include>
				<include>org.restcomm.protocols.ss7.management:shell-server-api</include>
				<include>org.restcomm.protocols.ss7.management:shell-server-impl</include>
				<include>org.restcomm.protocols.ss7.hardware:linkset</include>
				<!-- <include>org.restcomm.protocols.ss7.hardware:restcomm-dahdi</include> -->
				<include>org.restcomm.protocols.ss7.hardware:restcomm-dialogic</include>
				<include>org.restcomm.protocols.ss7.congestion:congestion</include>

				<!-- RestComm statistics -->
				<include>org.restcomm.commons:restcomm-statistics</include>
				<include>org.apache.httpcomponents:httpclient</include>
				<include>org.apache.httpcomponents:httpcore</include>
				<include>com.google.code.gson:gson</include>

				<!-- Dialogic -->
<!--
			    <include>com.vendor.dialogic:gctapi</include>
-->

			</includes>
		</dependencySet>
	</dependencySets>
	<componentDescriptors>
		<componentDescriptor>
			src/main/assembly/common.xml
		</componentDescriptor>
	</componentDescriptors>
</assembly>
